{
    "description": "Easy 9x9",
    "function": "test_tools.run_csp_solve",
    "comparator": "test_tools.compare_csp_solve",
    "input_args": [
        "'CSP_solver.solve'",
        "SudokuProblem.from_file('sudoku/sudoku_9x9_2.txt')"
    ],
    "comparison_args": [
        "SudokuProblem.from_file('sudoku/sudoku_9x9_2.txt')",
        "[(46, {'(0, 5)': 6, '(0, 4)': 4, '(1, 1)': 4, '(1, 2)': 5, '(1, 5)': 3, '(1, 6)': 6, '(1, 8)': 9, '(2, 0)': 7, '(0, 1)': 8, '(2, 4)': 9, '(3, 0)': 4, '(4, 4)': 6, '(7, 3)': 6, '(8, 3)': 2, '(8, 1)': 7, '(6, 1)': 2, '(5, 1)': 9, '(5, 0)': 1, '(6, 0)': 5, '(6, 2)': 1, '(6, 4)': 3, '(6, 8)': 7, '(0, 8)': 5, '(0, 6)': 7, '(0, 7)': 2, '(3, 8)': 8, '(2, 8)': 4, '(5, 6)': 3, '(2, 6)': 8, '(2, 7)': 3, '(3, 6)': 5, '(3, 7)': 7, '(3, 4)': 2, '(3, 2)': 3, '(5, 2)': 2, '(5, 4)': 7, '(5, 8)': 6, '(7, 0)': 9, '(7, 6)': 4, '(7, 2)': 8, '(7, 7)': 5, '(8, 0)': 6, '(8, 2)': 4, '(8, 4)': 5, '(8, 7)': 8})]"
    ]
}