{
    "description": "Hard 9x9",
    "function": "test_tools.run_csp_solve",
    "comparator": "test_tools.compare_csp_solve",
    "input_args": [
        "'CSP_solver.solve'",
        "SudokuProblem.from_file('sudoku/sudoku_9x9_3.txt')"
    ],
    "comparison_args": [
        "SudokuProblem.from_file('sudoku/sudoku_9x9_3.txt')",
        "[(309, {'(1, 2)': 3, '(1, 3)': 1, '(1, 0)': 2, '(1, 4)': 5, '(1, 7)': 7, '(1, 6)': 4, '(0, 6)': 8, '(0, 4)': 3, '(0, 2)': 6, '(2, 1)': 8, '(0, 1)': 1, '(2, 0)': 4, '(8, 1)': 6, '(7, 1)': 7, '(5, 1)': 5, '(4, 1)': 2, '(0, 3)': 4, '(0, 7)': 9, '(0, 8)': 2, '(2, 8)': 3, '(2, 7)': 5, '(5, 8)': 4, '(4, 8)': 9, '(4, 5)': 4, '(5, 5)': 3, '(2, 5)': 9, '(2, 3)': 6, '(5, 3)': 8, '(3, 3)': 2, '(3, 4)': 7, '(4, 4)': 1, '(5, 0)': 7, '(4, 2)': 8, '(3, 2)': 9, '(3, 6)': 5, '(3, 0)': 3, '(3, 7)': 1, '(4, 0)': 6, '(4, 6)': 7, '(5, 7)': 6, '(6, 2)': 5, '(6, 4)': 8, '(6, 8)': 1, '(7, 2)': 4, '(7, 3)': 3, '(7, 4)': 6, '(6, 6)': 6, '(6, 0)': 9, '(6, 3)': 7, '(6, 5)': 2, '(7, 7)': 2, '(7, 8)': 5, '(7, 5)': 1, '(8, 0)': 1, '(8, 3)': 9, '(8, 4)': 4, '(8, 5)': 5, '(8, 6)': 3, '(8, 7)': 8})]"
    ]
}